Record Length,1.024000e+03,,          0.00000,  -8.14850,
Sample Interval,2.466067e+01,,         24.66067,  -5.74850,
Trigger Point,-0.000000000000e+00,,         49.32134, -12.14850,
,,,         73.98201, -74.94850,
,,,         98.64268, -74.94850,
,,,        123.30335, -74.94850,
Source,FFT,,        147.96402, -72.54850,
Vertical Units,dB,,        172.62468, -74.94850,
Vertical Scale,1.000000e+01,,        197.28535, -74.94850,
Vertical Offset,0.000000e+00,,        221.94602, -74.94850,
Horizontal Units,Hz,,        246.60669, -74.94850,
Horizontal Scale,2.525253e+03,,        271.26736, -74.94850,
Pt Fmt,Y,,        295.92803, -72.54850,
Yzero,-3.494850e+01,,        320.58870, -74.94850,
Probe Atten,1.000000e+00,,        345.24937, -72.54850,
Model Number,TBS1072B-EDU,,        369.91004, -64.14850,
Serial Number,C014104,,        394.57071, -61.34850,
Firmware Version,FV:v4.06,,        419.23138, -48.54850,
,,,443.89205, -28.14850,
,,,468.55272, -18.14850,
,,,493.21339, -16.94850,
,,,517.87406, -16.94850,
,,,542.53473, -20.94850,
,,,567.19540, -40.14850,
,,,591.85607, -54.14850,
,,,616.51674, -64.14850,
,,,641.17741, -65.34850,
,,,665.83808, -72.54850,
,,,690.49875, -74.94850,
,,,715.15942, -74.94850,
,,,739.82009, -74.94850,
,,,764.48076, -74.94850,
,,,789.14143, -74.94850,
,,,813.80210, -74.94850,
,,,838.46277, -72.54850,
,,,863.12344, -74.94850,
,,,887.78411, -74.94850,
,,,912.44478, -74.94850,
,,,937.10545, -74.94850,
,,,961.76612, -69.34850,
,,,986.42679, -64.14850,
,,,1011.08746, -62.54850,
,,,1035.74813, -64.14850,
,,,1060.40880, -72.54850,
,,,1085.06947, -72.54850,
,,,1109.73014, -72.54850,
,,,1134.39081, -72.54850,
,,,1159.05148, -74.94850,
,,,1183.71215, -74.94850,
,,,1208.37282, -74.94850,
,,,1233.03349, -74.94850,
,,,1257.69416, -74.94850,
,,,1282.35483, -74.94850,
,,,1307.01550, -74.94850,
,,,1331.67617, -74.94850,
,,,1356.33684, -74.94850,
,,,1380.99751, -72.54850,
,,,1405.65818, -74.94850,
,,,1430.31885, -74.94850,
,,,1454.97952, -69.34850,
,,,1479.64019, -68.54850,
,,,1504.30086, -68.54850,
,,,1528.96153, -69.34850,
,,,1553.62220, -69.34850,
,,,1578.28287, -72.54850,
,,,1602.94354, -72.54850,
,,,1627.60421, -74.94850,
,,,1652.26488, -74.94850,
,,,1676.92555, -74.94850,
,,,1701.58622, -74.94850,
,,,1726.24689, -74.94850,
,,,1750.90756, -74.94850,
,,,1775.56823, -74.94850,
,,,1800.22890, -74.94850,
,,,1824.88957, -74.94850,
,,,1849.55024, -69.34850,
,,,1874.21091, -74.94850,
,,,1898.87158, -72.54850,
,,,1923.53225, -72.54850,
,,,1948.19292, -64.14850,
,,,1972.85359, -65.34850,
,,,1997.51426, -62.94850,
,,,2022.17493, -65.34850,
,,,2046.83560, -69.34850,
,,,2071.49627, -74.94850,
,,,2096.15694, -74.94850,
,,,2120.81761, -74.94850,
,,,2145.47828, -74.94850,
,,,2170.13895, -74.94850,
,,,2194.79962, -74.94850,
,,,2219.46029, -74.94850,
,,,2244.12096, -74.94850,
,,,2268.78163, -69.34850,
,,,2293.44230, -74.94850,
,,,2318.10297, -72.54850,
,,,2342.76364, -74.94850,
,,,2367.42431, -74.94850,
,,,2392.08498, -74.94850,
,,,2416.74565, -74.94850,
,,,2441.40632, -74.94850,
,,,2466.06699, -74.94850,
,,,2490.72766, -74.94850,
,,,2515.38833, -72.54850,
,,,2540.04900, -74.94850,
,,,2564.70967, -74.94850,
,,,2589.37034, -74.94850,
,,,2614.03101, -74.94850,
,,,2638.69168, -74.94850,
,,,2663.35235, -74.94850,
,,,2688.01302, -72.54850,
,,,2712.67369, -74.94850,
,,,2737.33436, -74.94850,
,,,2761.99503, -74.94850,
,,,2786.65570, -74.94850,
,,,2811.31637, -74.94850,
,,,2835.97704, -74.94850,
,,,2860.63771, -74.94850,
,,,2885.29838, -72.54850,
,,,2909.95905, -72.54850,
,,,2934.61972, -72.54850,
,,,2959.28039, -74.94850,
,,,2983.94106, -68.54850,
,,,3008.60173, -66.54850,
,,,3033.26240, -68.54850,
,,,3057.92307, -74.94850,
,,,3082.58374, -74.94850,
,,,3107.24441, -74.94850,
,,,3131.90508, -74.94850,
,,,3156.56575, -74.94850,
,,,3181.22642, -74.94850,
,,,3205.88709, -74.94850,
,,,3230.54776, -74.94850,
,,,3255.20843, -74.94850,
,,,3279.86910, -74.94850,
,,,3304.52977, -74.94850,
,,,3329.19044, -74.94850,
,,,3353.85111, -74.94850,
,,,3378.51178, -74.94850,
,,,3403.17245, -74.94850,
,,,3427.83312, -74.94850,
,,,3452.49379, -72.54850,
,,,3477.15446, -68.54850,
,,,3501.81513, -74.94850,
,,,3526.47580, -69.34850,
,,,3551.13647, -74.94850,
,,,3575.79714, -74.94850,
,,,3600.45781, -74.94850,
,,,3625.11848, -72.54850,
,,,3649.77915, -72.54850,
,,,3674.43982, -72.54850,
,,,3699.10049, -74.94850,
,,,3723.76116, -72.54850,
,,,3748.42183, -74.94850,
,,,3773.08250, -74.94850,
,,,3797.74317, -74.94850,
,,,3822.40384, -74.94850,
,,,3847.06451, -69.34850,
,,,3871.72518, -74.94850,
,,,3896.38585, -69.34850,
,,,3921.04652, -74.94850,
,,,3945.70719, -74.94850,
,,,3970.36786, -68.54850,
,,,3995.02853, -72.54850,
,,,4019.68920, -68.54850,
,,,4044.34987, -74.94850,
,,,4069.01054, -69.34850,
,,,4093.67121, -72.54850,
,,,4118.33188, -72.54850,
,,,4142.99255, -72.54850,
,,,4167.65322, -69.34850,
,,,4192.31389, -72.54850,
,,,4216.97456, -74.94850,
,,,4241.63523, -72.54850,
,,,4266.29590, -74.94850,
,,,4290.95657, -74.94850,
,,,4315.61724, -74.94850,
,,,4340.27791, -74.94850,
,,,4364.93858, -74.94850,
,,,4389.59925, -74.94850,
,,,4414.25992, -74.94850,
,,,4438.92059, -72.54850,
,,,4463.58126, -68.54850,
,,,4488.24193, -65.34850,
,,,4512.90260, -69.34850,
,,,4537.56327, -68.54850,
,,,4562.22394, -74.94850,
,,,4586.88461, -74.94850,
,,,4611.54528, -74.94850,
,,,4636.20595, -74.94850,
,,,4660.86662, -74.94850,
,,,4685.52729, -74.94850,
,,,4710.18796, -74.94850,
,,,4734.84863, -74.94850,
,,,4759.50930, -74.94850,
,,,4784.16997, -74.94850,
,,,4808.83064, -74.94850,
,,,4833.49131, -74.94850,
,,,4858.15198, -74.94850,
,,,4882.81265, -74.94850,
,,,4907.47332, -74.94850,
,,,4932.13399, -72.54850,
,,,4956.79466, -74.94850,
,,,4981.45533, -74.94850,
,,,5006.11600, -74.94850,
,,,5030.77667, -74.94850,
,,,5055.43734, -74.94850,
,,,5080.09801, -74.94850,
,,,5104.75868, -74.94850,
,,,5129.41935, -74.94850,
,,,5154.08002, -72.54850,
,,,5178.74069, -74.94850,
,,,5203.40136, -74.94850,
,,,5228.06203, -74.94850,
,,,5252.72270, -74.94850,
,,,5277.38337, -74.94850,
,,,5302.04404, -69.34850,
,,,5326.70471, -69.34850,
,,,5351.36538, -69.34850,
,,,5376.02605, -74.94850,
,,,5400.68672, -74.94850,
,,,5425.34739, -74.94850,
,,,5450.00806, -74.94850,
,,,5474.66873, -74.94850,
,,,5499.32940, -69.34850,
,,,5523.99007, -74.94850,
,,,5548.65074, -74.94850,
,,,5573.31141, -74.94850,
,,,5597.97208, -72.54850,
,,,5622.63275, -72.54850,
,,,5647.29342, -74.94850,
,,,5671.95409, -74.94850,
,,,5696.61476, -74.94850,
,,,5721.27543, -72.54850,
,,,5745.93610, -74.94850,
,,,5770.59677, -74.94850,
,,,5795.25744, -74.94850,
,,,5819.91811, -74.94850,
,,,5844.57878, -72.54850,
,,,5869.23945, -74.94850,
,,,5893.90012, -74.94850,
,,,5918.56079, -74.94850,
,,,5943.22146, -74.94850,
,,,5967.88213, -74.94850,
,,,5992.54280, -74.94850,
,,,6017.20347, -74.94850,
,,,6041.86414, -74.94850,
,,,6066.52481, -74.94850,
,,,6091.18548, -72.54850,
,,,6115.84615, -74.94850,
,,,6140.50682, -74.94850,
,,,6165.16749, -74.94850,
,,,6189.82816, -74.94850,
,,,6214.48883, -74.94850,
,,,6239.14950, -74.94850,
,,,6263.81017, -74.94850,
,,,6288.47084, -74.94850,
,,,6313.13151, -74.94850,
,,,6337.79218, -74.94850,
,,,6362.45285, -72.54850,
,,,6387.11352, -74.94850,
,,,6411.77419, -74.94850,
,,,6436.43486, -74.94850,
,,,6461.09553, -74.94850,
,,,6485.75620, -74.94850,
,,,6510.41687, -74.94850,
,,,6535.07754, -74.94850,
,,,6559.73821, -72.54850,
,,,6584.39888, -74.94850,
,,,6609.05955, -74.94850,
,,,6633.72022, -72.54850,
,,,6658.38089, -74.94850,
,,,6683.04156, -74.94850,
,,,6707.70223, -74.94850,
,,,6732.36290, -74.94850,
,,,6757.02357, -74.94850,
,,,6781.68424, -74.94850,
,,,6806.34491, -74.94850,
,,,6831.00558, -74.94850,
,,,6855.66625, -74.94850,
,,,6880.32692, -74.94850,
,,,6904.98759, -74.94850,
,,,6929.64826, -74.94850,
,,,6954.30893, -74.94850,
,,,6978.96960, -74.94850,
,,,7003.63027, -72.54850,
,,,7028.29094, -68.54850,
,,,7052.95161, -69.34850,
,,,7077.61228, -68.54850,
,,,7102.27295, -68.54850,
,,,7126.93362, -65.74850,
,,,7151.59429, -74.94850,
,,,7176.25496, -74.94850,
,,,7200.91563, -72.54850,
,,,7225.57630, -74.94850,
,,,7250.23697, -74.94850,
,,,7274.89764, -74.94850,
,,,7299.55831, -68.54850,
,,,7324.21898, -69.34850,
,,,7348.87965, -72.54850,
,,,7373.54032, -74.94850,
,,,7398.20099, -69.34850,
,,,7422.86166, -69.34850,
,,,7447.52233, -69.34850,
,,,7472.18300, -68.54850,
,,,7496.84367, -66.54850,
,,,7521.50434, -68.54850,
,,,7546.16501, -68.54850,
,,,7570.82568, -74.94850,
,,,7595.48635, -69.34850,
,,,7620.14702, -74.94850,
,,,7644.80769, -74.94850,
,,,7669.46836, -74.94850,
,,,7694.12903, -74.94850,
,,,7718.78970, -74.94850,
,,,7743.45037, -74.94850,
,,,7768.11104, -74.94850,
,,,7792.77171, -74.94850,
,,,7817.43238, -74.94850,
,,,7842.09305, -72.54850,
,,,7866.75372, -74.94850,
,,,7891.41439, -74.94850,
,,,7916.07506, -74.94850,
,,,7940.73573, -72.54850,
,,,7965.39640, -72.54850,
,,,7990.05707, -74.94850,
,,,8014.71774, -72.54850,
,,,8039.37841, -74.94850,
,,,8064.03908, -74.94850,
,,,8088.69975, -74.94850,
,,,8113.36042, -74.94850,
,,,8138.02109, -74.94850,
,,,8162.68176, -74.94850,
,,,8187.34243, -74.94850,
,,,8212.00310, -74.94850,
,,,8236.66377, -74.94850,
,,,8261.32444, -74.94850,
,,,8285.98511, -74.94850,
,,,8310.64578, -68.54850,
,,,8335.30645, -74.94850,
,,,8359.96712, -74.94850,
,,,8384.62779, -74.94850,
,,,8409.28846, -74.94850,
,,,8433.94913, -74.94850,
,,,8458.60980, -72.54850,
,,,8483.27047, -72.54850,
,,,8507.93114, -68.54850,
,,,8532.59181, -74.94850,
,,,8557.25248, -74.94850,
,,,8581.91315, -74.94850,
,,,8606.57382, -74.94850,
,,,8631.23449, -74.94850,
,,,8655.89516, -72.54850,
,,,8680.55583, -72.54850,
,,,8705.21650, -74.94850,
,,,8729.87717, -74.94850,
,,,8754.53784, -74.94850,
,,,8779.19851, -74.94850,
,,,8803.85918, -74.94850,
,,,8828.51985, -74.94850,
,,,8853.18052, -74.94850,
,,,8877.84119, -74.94850,
,,,8902.50186, -74.94850,
,,,8927.16253, -74.94850,
,,,8951.82320, -72.54850,
,,,8976.48387, -64.14850,
,,,9001.14454, -64.14850,
,,,9025.80521, -65.34850,
,,,9050.46588, -69.34850,
,,,9075.12655, -74.94850,
,,,9099.78722, -74.94850,
,,,9124.44789, -74.94850,
,,,9149.10856, -74.94850,
,,,9173.76923, -74.94850,
,,,9198.42990, -74.94850,
,,,9223.09057, -74.94850,
,,,9247.75124, -74.94850,
,,,9272.41191, -74.94850,
,,,9297.07258, -74.94850,
,,,9321.73325, -74.94850,
,,,9346.39392, -74.94850,
,,,9371.05459, -74.94850,
,,,9395.71526, -74.94850,
,,,9420.37593, -74.94850,
,,,9445.03660, -74.94850,
,,,9469.69727, -74.94850,
,,,9494.35794, -74.94850,
,,,9519.01861, -72.54850,
,,,9543.67928, -74.94850,
,,,9568.33995, -72.54850,
,,,9593.00062, -74.94850,
,,,9617.66129, -74.94850,
,,,9642.32196, -74.94850,
,,,9666.98263, -74.94850,
,,,9691.64330, -74.94850,
,,,9716.30397, -72.54850,
,,,9740.96464, -74.94850,
,,,9765.62531, -74.94850,
,,,9790.28598, -72.54850,
,,,9814.94665, -74.94850,
,,,9839.60732, -72.54850,
,,,9864.26799, -74.94850,
,,,9888.92866, -74.94850,
,,,9913.58933, -74.94850,
,,,9938.25000, -74.94850,
,,,9962.91067, -74.94850,
,,,9987.57134, -74.94850,
,,,10012.23201, -72.54850,
,,,10036.89268, -74.94850,
,,,10061.55335, -74.94850,
,,,10086.21402, -74.94850,
,,,10110.87469, -72.54850,
,,,10135.53536, -69.34850,
,,,10160.19603, -74.94850,
,,,10184.85670, -74.94850,
,,,10209.51737, -74.94850,
,,,10234.17804, -74.94850,
,,,10258.83871, -72.54850,
,,,10283.49938, -74.94850,
,,,10308.16005, -74.94850,
,,,10332.82072, -74.94850,
,,,10357.48139, -69.34850,
,,,10382.14206, -68.54850,
,,,10406.80273, -74.94850,
,,,10431.46340, -74.94850,
,,,10456.12407, -74.94850,
,,,10480.78474, -68.54850,
,,,10505.44541, -69.34850,
,,,10530.10608, -74.94850,
,,,10554.76675, -74.94850,
,,,10579.42742, -74.94850,
,,,10604.08809, -74.94850,
,,,10628.74876, -74.94850,
,,,10653.40943, -74.94850,
,,,10678.07010, -74.94850,
,,,10702.73077, -74.94850,
,,,10727.39144, -72.54850,
,,,10752.05211, -74.94850,
,,,10776.71278, -74.94850,
,,,10801.37345, -72.54850,
,,,10826.03412, -72.54850,
,,,10850.69479, -74.94850,
,,,10875.35546, -74.94850,
,,,10900.01613, -74.94850,
,,,10924.67680, -74.94850,
,,,10949.33747, -74.94850,
,,,10973.99814, -72.54850,
,,,10998.65881, -74.94850,
,,,11023.31948, -69.34850,
,,,11047.98015, -72.54850,
,,,11072.64082, -72.54850,
,,,11097.30149, -74.94850,
,,,11121.96216, -74.94850,
,,,11146.62283, -74.94850,
,,,11171.28350, -74.94850,
,,,11195.94417, -74.94850,
,,,11220.60484, -74.94850,
,,,11245.26551, -74.94850,
,,,11269.92618, -74.94850,
,,,11294.58685, -72.54850,
,,,11319.24752, -74.94850,
,,,11343.90819, -74.94850,
,,,11368.56886, -74.94850,
,,,11393.22953, -74.94850,
,,,11417.89020, -74.94850,
,,,11442.55087, -74.94850,
,,,11467.21154, -72.54850,
,,,11491.87221, -69.34850,
,,,11516.53288, -74.94850,
,,,11541.19355, -74.94850,
,,,11565.85422, -74.94850,
,,,11590.51489, -74.94850,
,,,11615.17556, -74.94850,
,,,11639.83623, -74.94850,
,,,11664.49690, -68.54850,
,,,11689.15757, -72.54850,
,,,11713.81824, -74.94850,
,,,11738.47891, -74.94850,
,,,11763.13958, -74.94850,
,,,11787.80025, -74.94850,
,,,11812.46092, -74.94850,
,,,11837.12159, -74.94850,
,,,11861.78226, -74.94850,
,,,11886.44293, -74.94850,
,,,11911.10360, -68.54850,
,,,11935.76427, -72.54850,
,,,11960.42494, -74.94850,
,,,11985.08561, -72.54850,
,,,12009.74628, -68.54850,
,,,12034.40695, -68.54850,
,,,12059.06762, -72.54850,
,,,12083.72829, -74.94850,
,,,12108.38896, -74.94850,
,,,12133.04963, -74.94850,
,,,12157.71030, -69.34850,
,,,12182.37097, -74.94850,
,,,12207.03164, -74.94850,
,,,12231.69231, -74.94850,
,,,12256.35298, -74.94850,
,,,12281.01365, -72.54850,
,,,12305.67432, -74.94850,
,,,12330.33499, -74.94850,
,,,12354.99566, -72.54850,
,,,12379.65633, -74.94850,
,,,12404.31700, -74.94850,
,,,12428.97767, -74.94850,
,,,12453.63834, -72.54850,
,,,12478.29901, -72.54850,
,,,12502.95968, -74.94850,
,,,12527.62035, -72.54850,
,,,12552.28102, -74.94850,
,,,12576.94169, -74.94850,
,,,12601.60236, -74.94850,
,,,12626.26303, -74.94850,
,,,12650.92370, -74.94850,
,,,12675.58437, -74.94850,
,,,12700.24504, -74.94850,
,,,12724.90571, -74.94850,
,,,12749.56638, -72.54850,
,,,12774.22705, -74.94850,
,,,12798.88772, -74.94850,
,,,12823.54839, -74.94850,
,,,12848.20906, -74.94850,
,,,12872.86973, -74.94850,
,,,12897.53040, -74.94850,
,,,12922.19107, -74.94850,
,,,12946.85174, -74.94850,
,,,12971.51241, -74.94850,
,,,12996.17308, -74.94850,
,,,13020.83375, -74.94850,
,,,13045.49442, -74.94850,
,,,13070.15509, -74.94850,
,,,13094.81576, -74.94850,
,,,13119.47643, -72.54850,
,,,13144.13710, -74.94850,
,,,13168.79777, -74.94850,
,,,13193.45844, -74.94850,
,,,13218.11911, -74.94850,
,,,13242.77978, -74.94850,
,,,13267.44045, -74.94850,
,,,13292.10112, -74.94850,
,,,13316.76179, -74.94850,
,,,13341.42246, -74.94850,
,,,13366.08313, -72.54850,
,,,13390.74380, -74.94850,
,,,13415.40447, -72.54850,
,,,13440.06514, -68.54850,
,,,13464.72581, -74.94850,
,,,13489.38648, -74.94850,
,,,13514.04715, -74.94850,
,,,13538.70782, -74.94850,
,,,13563.36849, -74.94850,
,,,13588.02916, -74.94850,
,,,13612.68983, -74.94850,
,,,13637.35050, -74.94850,
,,,13662.01117, -74.94850,
,,,13686.67184, -69.34850,
,,,13711.33251, -74.94850,
,,,13735.99318, -69.34850,
,,,13760.65385, -68.54850,
,,,13785.31452, -72.54850,
,,,13809.97519, -74.94850,
,,,13834.63586, -72.54850,
,,,13859.29653, -72.54850,
,,,13883.95720, -69.34850,
,,,13908.61787, -72.54850,
,,,13933.27854, -72.54850,
,,,13957.93921, -72.54850,
,,,13982.59988, -69.34850,
,,,14007.26055, -69.34850,
,,,14031.92122, -74.94850,
,,,14056.58189, -74.94850,
,,,14081.24256, -74.94850,
,,,14105.90323, -68.54850,
,,,14130.56390, -72.54850,
,,,14155.22457, -69.34850,
,,,14179.88524, -74.94850,
,,,14204.54591, -74.94850,
,,,14229.20658, -74.94850,
,,,14253.86725, -74.94850,
,,,14278.52792, -74.94850,
,,,14303.18859, -74.94850,
,,,14327.84926, -74.94850,
,,,14352.50993, -74.94850,
,,,14377.17060, -72.54850,
,,,14401.83127, -72.54850,
,,,14426.49194, -74.94850,
,,,14451.15261, -72.54850,
,,,14475.81328, -74.94850,
,,,14500.47395, -72.54850,
,,,14525.13462, -69.34850,
,,,14549.79529, -65.74850,
,,,14574.45596, -74.94850,
,,,14599.11663, -69.34850,
,,,14623.77730, -72.54850,
,,,14648.43797, -74.94850,
,,,14673.09864, -74.94850,
,,,14697.75931, -74.94850,
,,,14722.41998, -74.94850,
,,,14747.08065, -74.94850,
,,,14771.74132, -74.94850,
,,,14796.40199, -74.94850,
,,,14821.06266, -74.94850,
,,,14845.72333, -74.94850,
,,,14870.38400, -74.94850,
,,,14895.04467, -74.94850,
,,,14919.70534, -74.94850,
,,,14944.36601, -68.54850,
,,,14969.02668, -74.94850,
,,,14993.68735, -74.94850,
,,,15018.34802, -74.94850,
,,,15043.00869, -74.94850,
,,,15067.66936, -74.94850,
,,,15092.33003, -74.94850,
,,,15116.99070, -72.54850,
,,,15141.65137, -72.54850,
,,,15166.31204, -74.94850,
,,,15190.97271, -74.94850,
,,,15215.63338, -72.54850,
,,,15240.29405, -74.94850,
,,,15264.95472, -69.34850,
,,,15289.61539, -69.34850,
,,,15314.27606, -69.34850,
,,,15338.93673, -74.94850,
,,,15363.59740, -72.54850,
,,,15388.25807, -72.54850,
,,,15412.91874, -74.94850,
,,,15437.57941, -72.54850,
,,,15462.24008, -74.94850,
,,,15486.90075, -74.94850,
,,,15511.56142, -74.94850,
,,,15536.22209, -72.54850,
,,,15560.88276, -74.94850,
,,,15585.54343, -72.54850,
,,,15610.20410, -74.94850,
,,,15634.86477, -74.94850,
,,,15659.52544, -74.94850,
,,,15684.18611, -74.94850,
,,,15708.84678, -74.94850,
,,,15733.50745, -74.94850,
,,,15758.16812, -74.94850,
,,,15782.82879, -74.94850,
,,,15807.48946, -72.54850,
,,,15832.15013, -74.94850,
,,,15856.81080, -74.94850,
,,,15881.47147, -74.94850,
,,,15906.13214, -74.94850,
,,,15930.79281, -74.94850,
,,,15955.45348, -74.94850,
,,,15980.11415, -74.94850,
,,,16004.77482, -72.54850,
,,,16029.43549, -68.54850,
,,,16054.09616, -72.54850,
,,,16078.75683, -74.94850,
,,,16103.41750, -72.54850,
,,,16128.07817, -74.94850,
,,,16152.73884, -69.34850,
,,,16177.39951, -74.94850,
,,,16202.06018, -69.34850,
,,,16226.72085, -69.34850,
,,,16251.38152, -72.54850,
,,,16276.04219, -72.54850,
,,,16300.70286, -68.54850,
,,,16325.36353, -68.54850,
,,,16350.02420, -74.94850,
,,,16374.68487, -72.54850,
,,,16399.34554, -74.94850,
,,,16424.00621, -74.94850,
,,,16448.66688, -72.54850,
,,,16473.32755, -68.54850,
,,,16497.98822, -68.54850,
,,,16522.64889, -72.54850,
,,,16547.30956, -74.94850,
,,,16571.97023, -74.94850,
,,,16596.63090, -74.94850,
,,,16621.29157, -74.94850,
,,,16645.95224, -74.94850,
,,,16670.61291, -69.34850,
,,,16695.27358, -74.94850,
,,,16719.93425, -74.94850,
,,,16744.59492, -74.94850,
,,,16769.25559, -74.94850,
,,,16793.91626, -74.94850,
,,,16818.57693, -72.54850,
,,,16843.23760, -69.34850,
,,,16867.89827, -69.34850,
,,,16892.55894, -68.54850,
,,,16917.21961, -72.54850,
,,,16941.88028, -74.94850,
,,,16966.54095, -74.94850,
,,,16991.20162, -74.94850,
,,,17015.86229, -74.94850,
,,,17040.52296, -74.94850,
,,,17065.18363, -74.94850,
,,,17089.84430, -72.54850,
,,,17114.50497, -74.94850,
,,,17139.16564, -74.94850,
,,,17163.82631, -74.94850,
,,,17188.48698, -72.54850,
,,,17213.14765, -74.94850,
,,,17237.80832, -72.54850,
,,,17262.46899, -74.94850,
,,,17287.12966, -74.94850,
,,,17311.79033, -74.94850,
,,,17336.45100, -74.94850,
,,,17361.11167, -74.94850,
,,,17385.77234, -74.94850,
,,,17410.43301, -74.94850,
,,,17435.09368, -69.34850,
,,,17459.75435, -74.94850,
,,,17484.41502, -74.94850,
,,,17509.07569, -74.94850,
,,,17533.73636, -74.94850,
,,,17558.39703, -69.34850,
,,,17583.05770, -69.34850,
,,,17607.71837, -74.94850,
,,,17632.37904, -74.94850,
,,,17657.03971, -74.94850,
,,,17681.70038, -74.94850,
,,,17706.36105, -74.94850,
,,,17731.02172, -74.94850,
,,,17755.68239, -72.54850,
,,,17780.34306, -74.94850,
,,,17805.00373, -74.94850,
,,,17829.66440, -74.94850,
,,,17854.32507, -74.94850,
,,,17878.98574, -74.94850,
,,,17903.64641, -72.54850,
,,,17928.30708, -74.94850,
,,,17952.96775, -74.94850,
,,,17977.62842, -74.94850,
,,,18002.28909, -69.34850,
,,,18026.94976, -74.94850,
,,,18051.61043, -72.54850,
,,,18076.27110, -74.94850,
,,,18100.93177, -74.94850,
,,,18125.59244, -74.94850,
,,,18150.25311, -74.94850,
,,,18174.91378, -74.94850,
,,,18199.57445, -74.94850,
,,,18224.23512, -72.54850,
,,,18248.89579, -74.94850,
,,,18273.55646, -69.34850,
,,,18298.21713, -68.54850,
,,,18322.87780, -69.34850,
,,,18347.53847, -74.94850,
,,,18372.19914, -74.94850,
,,,18396.85981, -74.94850,
,,,18421.52048, -74.94850,
,,,18446.18115, -74.94850,
,,,18470.84182, -74.94850,
,,,18495.50249, -74.94850,
,,,18520.16316, -74.94850,
,,,18544.82383, -72.54850,
,,,18569.48450, -74.94850,
,,,18594.14517, -74.94850,
,,,18618.80584, -74.94850,
,,,18643.46651, -72.54850,
,,,18668.12718, -72.54850,
,,,18692.78785, -74.94850,
,,,18717.44852, -74.94850,
,,,18742.10919, -74.94850,
,,,18766.76986, -74.94850,
,,,18791.43053, -74.94850,
,,,18816.09120, -74.94850,
,,,18840.75187, -74.94850,
,,,18865.41254, -74.94850,
,,,18890.07321, -74.94850,
,,,18914.73388, -74.94850,
,,,18939.39455, -72.54850,
,,,18964.05522, -72.54850,
,,,18988.71589, -68.54850,
,,,19013.37656, -74.94850,
,,,19038.03723, -72.54850,
,,,19062.69790, -72.54850,
,,,19087.35857, -74.94850,
,,,19112.01924, -72.54850,
,,,19136.67991, -74.94850,
,,,19161.34058, -72.54850,
,,,19186.00125, -74.94850,
,,,19210.66192, -74.94850,
,,,19235.32259, -74.94850,
,,,19259.98326, -74.94850,
,,,19284.64393, -74.94850,
,,,19309.30460, -74.94850,
,,,19333.96527, -72.54850,
,,,19358.62594, -74.94850,
,,,19383.28661, -74.94850,
,,,19407.94728, -74.94850,
,,,19432.60795, -74.94850,
,,,19457.26862, -74.94850,
,,,19481.92929, -74.94850,
,,,19506.58996, -74.94850,
,,,19531.25063, -74.94850,
,,,19555.91130, -74.94850,
,,,19580.57197, -74.94850,
,,,19605.23264, -74.94850,
,,,19629.89331, -74.94850,
,,,19654.55398, -74.94850,
,,,19679.21465, -74.94850,
,,,19703.87532, -74.94850,
,,,19728.53599, -74.94850,
,,,19753.19666, -74.94850,
,,,19777.85733, -74.94850,
,,,19802.51800, -72.54850,
,,,19827.17867, -74.94850,
,,,19851.83934, -74.94850,
,,,19876.50001, -72.54850,
,,,19901.16068, -72.54850,
,,,19925.82135, -72.54850,
,,,19950.48202, -74.94850,
,,,19975.14269, -72.54850,
,,,19999.80336, -72.54850,
,,,20024.46403, -74.94850,
,,,20049.12470, -74.94850,
,,,20073.78537, -72.54850,
,,,20098.44604, -68.54850,
,,,20123.10671, -74.94850,
,,,20147.76738, -72.54850,
,,,20172.42805, -72.54850,
,,,20197.08872, -72.54850,
,,,20221.74939, -74.94850,
,,,20246.41006, -74.94850,
,,,20271.07073, -74.94850,
,,,20295.73140, -74.94850,
,,,20320.39207, -74.94850,
,,,20345.05274, -74.94850,
,,,20369.71341, -72.54850,
,,,20394.37408, -74.94850,
,,,20419.03475, -74.94850,
,,,20443.69542, -74.94850,
,,,20468.35609, -74.94850,
,,,20493.01676, -74.94850,
,,,20517.67743, -72.54850,
,,,20542.33810, -72.54850,
,,,20566.99877, -74.94850,
,,,20591.65944, -74.94850,
,,,20616.32011, -74.94850,
,,,20640.98078, -74.94850,
,,,20665.64145, -74.94850,
,,,20690.30212, -69.34850,
,,,20714.96279, -74.94850,
,,,20739.62346, -74.94850,
,,,20764.28413, -72.54850,
,,,20788.94480, -69.34850,
,,,20813.60547, -74.94850,
,,,20838.26614, -74.94850,
,,,20862.92681, -74.94850,
,,,20887.58748, -72.54850,
,,,20912.24815, -72.54850,
,,,20936.90882, -72.54850,
,,,20961.56949, -69.34850,
,,,20986.23016, -74.94850,
,,,21010.89083, -72.54850,
,,,21035.55150, -74.94850,
,,,21060.21217, -74.94850,
,,,21084.87284, -74.94850,
,,,21109.53351, -69.34850,
,,,21134.19418, -69.34850,
,,,21158.85485, -72.54850,
,,,21183.51552, -74.94850,
,,,21208.17619, -74.94850,
,,,21232.83686, -74.94850,
,,,21257.49753, -74.94850,
,,,21282.15820, -74.94850,
,,,21306.81887, -74.94850,
,,,21331.47954, -74.94850,
,,,21356.14021, -74.94850,
,,,21380.80088, -74.94850,
,,,21405.46155, -68.54850,
,,,21430.12222, -72.54850,
,,,21454.78289, -74.94850,
,,,21479.44356, -74.94850,
,,,21504.10423, -69.34850,
,,,21528.76490, -74.94850,
,,,21553.42557, -74.94850,
,,,21578.08624, -74.94850,
,,,21602.74691, -74.94850,
,,,21627.40758, -74.94850,
,,,21652.06825, -72.54850,
,,,21676.72892, -74.94850,
,,,21701.38959, -72.54850,
,,,21726.05026, -72.54850,
,,,21750.71093, -72.54850,
,,,21775.37160, -72.54850,
,,,21800.03227, -74.94850,
,,,21824.69294, -72.54850,
,,,21849.35361, -72.54850,
,,,21874.01428, -74.94850,
,,,21898.67495, -72.54850,
,,,21923.33562, -72.54850,
,,,21947.99629, -74.94850,
,,,21972.65696, -74.94850,
,,,21997.31763, -72.54850,
,,,22021.97830, -65.34850,
,,,22046.63897, -72.54850,
,,,22071.29964, -74.94850,
,,,22095.96031, -74.94850,
,,,22120.62098, -72.54850,
,,,22145.28165, -72.54850,
,,,22169.94232, -68.54850,
,,,22194.60299, -72.54850,
,,,22219.26366, -74.94850,
,,,22243.92433, -74.94850,
,,,22268.58500, -74.94850,
,,,22293.24567, -74.94850,
,,,22317.90634, -74.94850,
,,,22342.56701, -72.54850,
,,,22367.22768, -74.94850,
,,,22391.88835, -74.94850,
,,,22416.54902, -74.94850,
,,,22441.20969, -74.94850,
,,,22465.87036, -74.94850,
,,,22490.53103, -74.94850,
,,,22515.19170, -74.94850,
,,,22539.85237, -74.94850,
,,,22564.51304, -72.54850,
,,,22589.17371, -72.54850,
,,,22613.83438, -74.94850,
,,,22638.49505, -72.54850,
,,,22663.15572, -65.74850,
,,,22687.81639, -69.34850,
,,,22712.47706, -68.54850,
,,,22737.13773, -72.54850,
,,,22761.79840, -72.54850,
,,,22786.45907, -72.54850,
,,,22811.11974, -74.94850,
,,,22835.78041, -74.94850,
,,,22860.44108, -74.94850,
,,,22885.10175, -74.94850,
,,,22909.76242, -69.34850,
,,,22934.42309, -74.94850,
,,,22959.08376, -74.94850,
,,,22983.74443, -74.94850,
,,,23008.40510, -68.54850,
,,,23033.06577, -72.54850,
,,,23057.72644, -74.94850,
,,,23082.38711, -74.94850,
,,,23107.04778, -74.94850,
,,,23131.70845, -74.94850,
,,,23156.36912, -74.94850,
,,,23181.02979, -72.54850,
,,,23205.69046, -72.54850,
,,,23230.35113, -74.94850,
,,,23255.01180, -72.54850,
,,,23279.67247, -74.94850,
,,,23304.33314, -74.94850,
,,,23328.99381, -74.94850,
,,,23353.65448, -74.94850,
,,,23378.31515, -74.94850,
,,,23402.97582, -72.54850,
,,,23427.63649, -74.94850,
,,,23452.29716, -72.54850,
,,,23476.95783, -74.94850,
,,,23501.61850, -74.94850,
,,,23526.27917, -72.54850,
,,,23550.93984, -72.54850,
,,,23575.60051, -74.94850,
,,,23600.26118, -74.94850,
,,,23624.92185, -74.94850,
,,,23649.58252, -74.94850,
,,,23674.24319, -72.54850,
,,,23698.90386, -74.94850,
,,,23723.56453, -72.54850,
,,,23748.22520, -72.54850,
,,,23772.88587, -72.54850,
,,,23797.54654, -72.54850,
,,,23822.20721, -72.54850,
,,,23846.86788, -74.94850,
,,,23871.52855, -74.94850,
,,,23896.18922, -74.94850,
,,,23920.84989, -74.94850,
,,,23945.51056, -74.94850,
,,,23970.17123, -74.94850,
,,,23994.83190, -74.94850,
,,,24019.49257, -74.94850,
,,,24044.15324, -74.94850,
,,,24068.81391, -74.94850,
,,,24093.47458, -74.94850,
,,,24118.13525, -74.94850,
,,,24142.79592, -74.94850,
,,,24167.45659, -74.94850,
,,,24192.11726, -74.94850,
,,,24216.77793, -74.94850,
,,,24241.43860, -74.94850,
,,,24266.09927, -74.94850,
,,,24290.75994, -74.94850,
,,,24315.42061, -72.54850,
,,,24340.08128, -74.94850,
,,,24364.74195, -74.94850,
,,,24389.40262, -74.94850,
,,,24414.06329, -74.94850,
,,,24438.72396, -74.94850,
,,,24463.38463, -74.94850,
,,,24488.04530, -74.94850,
,,,24512.70597, -74.94850,
,,,24537.36664, -74.94850,
,,,24562.02731, -69.34850,
,,,24586.68798, -69.34850,
,,,24611.34865, -74.94850,
,,,24636.00932, -74.94850,
,,,24660.66999, -74.94850,
,,,24685.33066, -74.94850,
,,,24709.99133, -72.54850,
,,,24734.65200, -74.94850,
,,,24759.31267, -74.94850,
,,,24783.97334, -74.94850,
,,,24808.63401, -72.54850,
,,,24833.29468, -74.94850,
,,,24857.95535, -74.94850,
,,,24882.61602, -72.54850,
,,,24907.27669, -74.94850,
,,,24931.93736, -74.94850,
,,,24956.59803, -72.54850,
,,,24981.25870, -72.54850,
,,,25005.91937, -72.54850,
,,,25030.58004, -72.54850,
,,,25055.24071, -72.54850,
,,,25079.90138, -72.54850,
,,,25104.56205, -72.54850,
,,,25129.22272, -72.54850,
,,,25153.88339, -74.94850,
,,,25178.54406, -74.94850,
,,,25203.20473, -74.94850,
,,,25227.86540, -74.94850,
